{
  "nodes": [
    "Productivity (1028)",
    "Entertainment (812)",
    "Utilities (607)",
    "Education (570)",
    "Reference (346)",
    "Photo & Video (319)",
    "Finance (275)",
    "Graphics & Design (272)",
    "Weather (261)",
    "Lifestyle (257)",
    "Other (2153)",
    "Policy: Omit Disclosure (2175)",
    "Label: Neglect Disclosure (1582)",
    "Label: Contrary Disclosure (1522)",
    "Manifest: Neglect Disclosure (1010)",
    "Policy: Mismatched Entity Disclosure (450)",
    "Manifest: Contrary Disclosure (89)",
    "Policy: Incorrect Disclosure (72)",
    "device info (1943)",
    "account (1408)",
    "identifier (1284)",
    "usage info (1175)",
    "biometric (715)",
    "sensor (375)",
    "Mixpanel (803)",
    "1st Party (603)",
    "RevenueCat (547)",
    "Amplitude (503)",
    "DynamicYield (369)",
    "TelemetryDeck (337)",
    "Unity (336)",
    "Google APIs (161)",
    "Gstatic (125)",
    "Other 3rd Party (3116)"
  ],
  "colors": [
    "#1f77b4",
    "#2ca02c",
    "#ff7f0e",
    "#d62728",
    "#9467bd",
    "#8c564b",
    "#e377c2",
    "#7f7f7f",
    "#bcbd22",
    "#17becf",
    "#aec7e8",
    "#95E1D3",
    "#4ECDC4",
    "#FF6B6B",
    "#AA96DA",
    "#FFA07A",
    "#CCCCCC",
    "#F38181",
    "#64B5F6",
    "#FFD54F",
    "#81C784",
    "#CE93D8",
    "#EF5350",
    "#FF8A65",
    "#EF5350",
    "#42A5F5",
    "#EF5350",
    "#EF5350",
    "#EF5350",
    "#EF5350",
    "#EF5350",
    "#EF5350",
    "#EF5350",
    "#FFAB91"
  ],
  "node_x": [
    0.01,
    0.01,
    0.01,
    0.01,
    0.01,
    0.01,
    0.01,
    0.01,
    0.01,
    0.01,
    0.01,
    0.3,
    0.3,
    0.3,
    0.3,
    0.3,
    0.3,
    0.3,
    0.62,
    0.62,
    0.62,
    0.62,
    0.62,
    0.62,
    0.99,
    0.99,
    0.99,
    0.99,
    0.99,
    0.99,
    0.99,
    0.99,
    0.99,
    0.99
  ],
  "node_y": [
    0.01,
    0.108,
    0.20600000000000002,
    0.304,
    0.402,
    0.5,
    0.598,
    0.696,
    0.794,
    0.892,
    0.9900000000000001,
    0.01,
    0.17333333333333334,
    0.33666666666666667,
    0.5,
    0.6633333333333333,
    0.8266666666666668,
    0.99,
    0.01,
    0.20600000000000002,
    0.402,
    0.598,
    0.794,
    0.9900000000000001,
    0.01,
    0.11888888888888888,
    0.22777777777777777,
    0.33666666666666667,
    0.44555555555555554,
    0.5544444444444445,
    0.6633333333333333,
    0.7722222222222221,
    0.8811111111111111,
    0.99
  ],
  "sources": [
    3,
    3,
    3,
    3,
    3,
    3,
    3,
    1,
    1,
    1,
    1,
    1,
    1,
    1,
    6,
    6,
    6,
    6,
    6,
    7,
    7,
    7,
    7,
    7,
    7,
    7,
    9,
    9,
    9,
    9,
    9,
    9,
    10,
    10,
    10,
    10,
    10,
    10,
    10,
    5,
    5,
    5,
    5,
    5,
    5,
    0,
    0,
    0,
    0,
    0,
    0,
    0,
    4,
    4,
    4,
    4,
    4,
    4,
    4,
    2,
    2,
    2,
    2,
    2,
    2,
    2,
    8,
    8,
    8,
    8,
    8,
    8,
    8,
    13,
    13,
    13,
    13,
    13,
    13,
    12,
    12,
    12,
    12,
    12,
    12,
    16,
    14,
    14,
    14,
    14,
    14,
    14,
    17,
    17,
    17,
    17,
    17,
    15,
    15,
    15,
    15,
    15,
    15,
    11,
    11,
    11,
    11,
    11,
    11,
    19,
    19,
    19,
    19,
    19,
    19,
    19,
    19,
    19,
    19,
    22,
    22,
    22,
    22,
    22,
    22,
    22,
    22,
    22,
    22,
    18,
    18,
    18,
    18,
    18,
    18,
    18,
    18,
    18,
    18,
    20,
    20,
    20,
    20,
    20,
    20,
    20,
    20,
    20,
    20,
    23,
    23,
    23,
    23,
    23,
    23,
    23,
    23,
    21,
    21,
    21,
    21,
    21,
    21,
    21,
    21,
    21
  ],
  "targets": [
    13,
    12,
    16,
    14,
    17,
    15,
    11,
    13,
    12,
    16,
    14,
    17,
    15,
    11,
    12,
    16,
    14,
    15,
    11,
    13,
    12,
    16,
    14,
    17,
    15,
    11,
    13,
    12,
    16,
    14,
    15,
    11,
    13,
    12,
    16,
    14,
    17,
    15,
    11,
    13,
    12,
    16,
    14,
    15,
    11,
    13,
    12,
    16,
    14,
    17,
    15,
    11,
    13,
    12,
    16,
    14,
    17,
    15,
    11,
    13,
    12,
    16,
    14,
    17,
    15,
    11,
    13,
    12,
    16,
    14,
    17,
    15,
    11,
    19,
    22,
    18,
    20,
    23,
    21,
    19,
    22,
    18,
    20,
    23,
    21,
    21,
    19,
    22,
    18,
    20,
    23,
    21,
    19,
    18,
    20,
    23,
    21,
    19,
    22,
    18,
    20,
    23,
    21,
    19,
    22,
    18,
    20,
    23,
    21,
    25,
    27,
    28,
    31,
    32,
    24,
    33,
    26,
    29,
    30,
    25,
    27,
    28,
    31,
    32,
    24,
    33,
    26,
    29,
    30,
    25,
    27,
    28,
    31,
    32,
    24,
    33,
    26,
    29,
    30,
    25,
    27,
    28,
    31,
    32,
    24,
    33,
    26,
    29,
    30,
    25,
    27,
    31,
    32,
    24,
    33,
    29,
    30,
    25,
    27,
    28,
    32,
    24,
    33,
    26,
    29,
    30
  ],
  "values": [
    171,
    66,
    9,
    94,
    3,
    29,
    198,
    125,
    230,
    11,
    160,
    3,
    49,
    234,
    86,
    6,
    83,
    26,
    74,
    54,
    62,
    3,
    23,
    5,
    35,
    90,
    72,
    52,
    3,
    48,
    12,
    70,
    552,
    506,
    21,
    276,
    23,
    143,
    632,
    41,
    81,
    6,
    54,
    10,
    127,
    154,
    258,
    15,
    187,
    20,
    96,
    298,
    52,
    101,
    6,
    26,
    6,
    28,
    127,
    187,
    134,
    6,
    36,
    4,
    9,
    231,
    114,
    6,
    3,
    23,
    8,
    13,
    94,
    304,
    157,
    494,
    271,
    69,
    227,
    384,
    185,
    430,
    181,
    103,
    299,
    89,
    216,
    119,
    218,
    290,
    41,
    126,
    21,
    3,
    6,
    8,
    34,
    141,
    8,
    66,
    72,
    34,
    129,
    342,
    246,
    732,
    464,
    120,
    271,
    103,
    143,
    74,
    34,
    28,
    125,
    665,
    84,
    96,
    56,
    46,
    80,
    46,
    18,
    8,
    80,
    304,
    47,
    50,
    36,
    184,
    87,
    68,
    64,
    42,
    185,
    814,
    316,
    65,
    118,
    125,
    66,
    101,
    20,
    16,
    184,
    587,
    80,
    35,
    70,
    32,
    31,
    25,
    4,
    16,
    248,
    11,
    8,
    113,
    96,
    80,
    27,
    213,
    498,
    20,
    80,
    48
  ],